{
	"right": "workentrance",
	"clickable": [
		{
			"area": "left",
			"actions": ["transition 300 carhome", "playsound drive.wav"]
		}
	],
	"triggers": [
		{
			"condition": "eq $day 3",
			"modifiers": {
				"music": "crowd.wav",
				"clickable": [
					{
						"area": [240, 0, 111, 370],
						"actions": ["transition 300 office"]
					}
				]
			}
		}, {
			"condition": "else",
			"modifiers": {
				"music": "wind.wav",
				"clickable": [
					{
						"area": [240, 0, 111, 370],
						"actions": ["say I don't have to use the backdoor # It's only for emergencies"]
					}
				]
			}
		}
	]
}
